-- =============================================================
-- 구매시스템 SEED - 02. 기반 초기 데이터
-- (관리자 사용자 계정은 앱 기동 시 DataInitializer가 BCrypt로 생성)
-- =============================================================

-- ---------- 회사/법인 ----------
INSERT INTO CM_COMPANY (COMP_CD, COMP_NM, BIZ_NO, REG_ID) VALUES ('1000', '기본법인', '0000000000', 'SYSTEM');

-- ---------- 공통코드 그룹 ----------
INSERT INTO CM_CODE_GRP (GRP_CD, GRP_NM, DESCRIPTION, REG_ID) VALUES ('AUTH_CD', '권한구분', '메뉴 접근권한', 'SYSTEM');
INSERT INTO CM_CODE_GRP (GRP_CD, GRP_NM, DESCRIPTION, REG_ID) VALUES ('USR_TYP', '사용자유형', '임직원/협력사', 'SYSTEM');
INSERT INTO CM_CODE_GRP (GRP_CD, GRP_NM, DESCRIPTION, REG_ID) VALUES ('USE_YN', '사용여부', 'Y/N', 'SYSTEM');
INSERT INTO CM_CODE_GRP (GRP_CD, GRP_NM, DESCRIPTION, REG_ID) VALUES ('LANG_CD', '언어', '다국어', 'SYSTEM');
INSERT INTO CM_CODE_GRP (GRP_CD, GRP_NM, DESCRIPTION, REG_ID) VALUES ('PR_TYP', '구매요청유형', '물품/용역', 'SYSTEM');

-- ---------- 공통코드 상세 ----------
INSERT INTO CM_CODE (GRP_CD, CD, CD_NM_KO, CD_NM_EN, SORT_NO, REG_ID) VALUES ('AUTH_CD', 'READ', '조회', 'Read', 1, 'SYSTEM');
INSERT INTO CM_CODE (GRP_CD, CD, CD_NM_KO, CD_NM_EN, SORT_NO, REG_ID) VALUES ('AUTH_CD', 'SAVE', '저장', 'Save', 2, 'SYSTEM');
INSERT INTO CM_CODE (GRP_CD, CD, CD_NM_KO, CD_NM_EN, SORT_NO, REG_ID) VALUES ('AUTH_CD', 'APPROVAL', '결재', 'Approval', 3, 'SYSTEM');
INSERT INTO CM_CODE (GRP_CD, CD, CD_NM_KO, CD_NM_EN, SORT_NO, REG_ID) VALUES ('AUTH_CD', 'MANAGEMENT', '관리', 'Management', 4, 'SYSTEM');

INSERT INTO CM_CODE (GRP_CD, CD, CD_NM_KO, CD_NM_EN, SORT_NO, REG_ID) VALUES ('USR_TYP', 'EMP', '임직원', 'Employee', 1, 'SYSTEM');
INSERT INTO CM_CODE (GRP_CD, CD, CD_NM_KO, CD_NM_EN, SORT_NO, REG_ID) VALUES ('USR_TYP', 'VENDOR', '협력사', 'Vendor', 2, 'SYSTEM');

INSERT INTO CM_CODE (GRP_CD, CD, CD_NM_KO, CD_NM_EN, SORT_NO, REG_ID) VALUES ('USE_YN', 'Y', '사용', 'Yes', 1, 'SYSTEM');
INSERT INTO CM_CODE (GRP_CD, CD, CD_NM_KO, CD_NM_EN, SORT_NO, REG_ID) VALUES ('USE_YN', 'N', '미사용', 'No', 2, 'SYSTEM');

INSERT INTO CM_CODE (GRP_CD, CD, CD_NM_KO, CD_NM_EN, SORT_NO, REG_ID) VALUES ('LANG_CD', 'ko', '한국어', 'Korean', 1, 'SYSTEM');
INSERT INTO CM_CODE (GRP_CD, CD, CD_NM_KO, CD_NM_EN, SORT_NO, REG_ID) VALUES ('LANG_CD', 'en', '영어', 'English', 2, 'SYSTEM');

INSERT INTO CM_CODE (GRP_CD, CD, CD_NM_KO, CD_NM_EN, SORT_NO, REG_ID) VALUES ('PR_TYP', 'PRODUCT', '물품', 'Product', 1, 'SYSTEM');
INSERT INTO CM_CODE (GRP_CD, CD, CD_NM_KO, CD_NM_EN, SORT_NO, REG_ID) VALUES ('PR_TYP', 'SERVICE', '용역', 'Service', 2, 'SYSTEM');

-- ---------- 메뉴 ----------
INSERT INTO CM_MENU (MENU_ID, MENU_NM, UP_MENU_ID, MENU_LVL, URL, ICON, SORT_NO, REG_ID) VALUES ('SYS', '시스템관리', NULL, 1, NULL, 'settings', 90, 'SYSTEM');
INSERT INTO CM_MENU (MENU_ID, MENU_NM, UP_MENU_ID, MENU_LVL, URL, ICON, SORT_NO, REG_ID) VALUES ('SYS_CODE', '공통코드관리', 'SYS', 2, '/sys/code', 'list', 1, 'SYSTEM');
INSERT INTO CM_MENU (MENU_ID, MENU_NM, UP_MENU_ID, MENU_LVL, URL, ICON, SORT_NO, REG_ID) VALUES ('SYS_MENU', '메뉴관리', 'SYS', 2, '/sys/menu', 'menu', 2, 'SYSTEM');
INSERT INTO CM_MENU (MENU_ID, MENU_NM, UP_MENU_ID, MENU_LVL, URL, ICON, SORT_NO, REG_ID) VALUES ('SYS_ROLE', '권한관리', 'SYS', 2, '/sys/role', 'key', 3, 'SYSTEM');
INSERT INTO CM_MENU (MENU_ID, MENU_NM, UP_MENU_ID, MENU_LVL, URL, ICON, SORT_NO, REG_ID) VALUES ('SYS_USER', '사용자관리', 'SYS', 2, '/sys/user', 'user', 4, 'SYSTEM');

-- ---------- 역할 ----------
INSERT INTO CM_ROLE (ROLE_ID, ROLE_NM, DESCRIPTION, REG_ID) VALUES ('ADMIN', '시스템관리자', '전체 권한', 'SYSTEM');
INSERT INTO CM_ROLE (ROLE_ID, ROLE_NM, DESCRIPTION, REG_ID) VALUES ('USER', '일반사용자', '구매업무', 'SYSTEM');

-- ---------- 역할별 메뉴권한 (관리자: 전체 MANAGEMENT) ----------
INSERT INTO CM_ROLE_FUNC (ROLE_ID, MENU_ID, AUTH_CD, REG_ID) VALUES ('ADMIN', 'SYS_CODE', 'MANAGEMENT', 'SYSTEM');
INSERT INTO CM_ROLE_FUNC (ROLE_ID, MENU_ID, AUTH_CD, REG_ID) VALUES ('ADMIN', 'SYS_MENU', 'MANAGEMENT', 'SYSTEM');
INSERT INTO CM_ROLE_FUNC (ROLE_ID, MENU_ID, AUTH_CD, REG_ID) VALUES ('ADMIN', 'SYS_ROLE', 'MANAGEMENT', 'SYSTEM');
INSERT INTO CM_ROLE_FUNC (ROLE_ID, MENU_ID, AUTH_CD, REG_ID) VALUES ('ADMIN', 'SYS_USER', 'MANAGEMENT', 'SYSTEM');

COMMIT;
