-- =============================================================
-- 구매시스템 SEED - 08. 협력사/품목 관련
-- =============================================================

-- ---------- 코드 ----------
INSERT INTO CM_CODE_GRP (GRP_CD, GRP_NM, DESCRIPTION, REG_ID) VALUES ('VD_TYP', '협력사유형', '', 'SYSTEM');
INSERT INTO CM_CODE (GRP_CD, CD, CD_NM_KO, CD_NM_EN, SORT_NO, REG_ID) VALUES ('VD_TYP', 'MFR', '제조', 'Manufacturer', 1, 'SYSTEM');
INSERT INTO CM_CODE (GRP_CD, CD, CD_NM_KO, CD_NM_EN, SORT_NO, REG_ID) VALUES ('VD_TYP', 'DST', '유통', 'Distributor', 2, 'SYSTEM');
INSERT INTO CM_CODE (GRP_CD, CD, CD_NM_KO, CD_NM_EN, SORT_NO, REG_ID) VALUES ('VD_TYP', 'SVC', '용역', 'Service', 3, 'SYSTEM');

INSERT INTO CM_CODE_GRP (GRP_CD, GRP_NM, DESCRIPTION, REG_ID) VALUES ('VD_STS', '협력사상태', '', 'SYSTEM');
INSERT INTO CM_CODE (GRP_CD, CD, CD_NM_KO, CD_NM_EN, SORT_NO, REG_ID) VALUES ('VD_STS', 'ACTIVE', '거래중', 'Active', 1, 'SYSTEM');
INSERT INTO CM_CODE (GRP_CD, CD, CD_NM_KO, CD_NM_EN, SORT_NO, REG_ID) VALUES ('VD_STS', 'STOP', '거래중지', 'Stopped', 2, 'SYSTEM');

INSERT INTO CM_CODE_GRP (GRP_CD, GRP_NM, DESCRIPTION, REG_ID) VALUES ('ITEM_TYP', '품목유형', '', 'SYSTEM');
INSERT INTO CM_CODE (GRP_CD, CD, CD_NM_KO, CD_NM_EN, SORT_NO, REG_ID) VALUES ('ITEM_TYP', 'RAW', '원자재', 'Raw', 1, 'SYSTEM');
INSERT INTO CM_CODE (GRP_CD, CD, CD_NM_KO, CD_NM_EN, SORT_NO, REG_ID) VALUES ('ITEM_TYP', 'SUB', '부자재', 'Sub', 2, 'SYSTEM');
INSERT INTO CM_CODE (GRP_CD, CD, CD_NM_KO, CD_NM_EN, SORT_NO, REG_ID) VALUES ('ITEM_TYP', 'GOODS', '상품', 'Goods', 3, 'SYSTEM');
INSERT INTO CM_CODE (GRP_CD, CD, CD_NM_KO, CD_NM_EN, SORT_NO, REG_ID) VALUES ('ITEM_TYP', 'SVC', '용역', 'Service', 4, 'SYSTEM');

INSERT INTO CM_CODE_GRP (GRP_CD, GRP_NM, DESCRIPTION, REG_ID) VALUES ('ITEM_STS', '품목상태', '', 'SYSTEM');
INSERT INTO CM_CODE (GRP_CD, CD, CD_NM_KO, CD_NM_EN, SORT_NO, REG_ID) VALUES ('ITEM_STS', 'NEW', '신규', 'New', 1, 'SYSTEM');
INSERT INTO CM_CODE (GRP_CD, CD, CD_NM_KO, CD_NM_EN, SORT_NO, REG_ID) VALUES ('ITEM_STS', 'ACTIVE', '활성', 'Active', 2, 'SYSTEM');
INSERT INTO CM_CODE (GRP_CD, CD, CD_NM_KO, CD_NM_EN, SORT_NO, REG_ID) VALUES ('ITEM_STS', 'STOP', '중지', 'Stopped', 3, 'SYSTEM');

INSERT INTO CM_CODE_GRP (GRP_CD, GRP_NM, DESCRIPTION, REG_ID) VALUES ('UNIT_CD', '단위', '', 'SYSTEM');
INSERT INTO CM_CODE (GRP_CD, CD, CD_NM_KO, CD_NM_EN, SORT_NO, REG_ID) VALUES ('UNIT_CD', 'EA', '개', 'Each', 1, 'SYSTEM');
INSERT INTO CM_CODE (GRP_CD, CD, CD_NM_KO, CD_NM_EN, SORT_NO, REG_ID) VALUES ('UNIT_CD', 'BOX', '박스', 'Box', 2, 'SYSTEM');
INSERT INTO CM_CODE (GRP_CD, CD, CD_NM_KO, CD_NM_EN, SORT_NO, REG_ID) VALUES ('UNIT_CD', 'KG', '킬로그램', 'Kg', 3, 'SYSTEM');
INSERT INTO CM_CODE (GRP_CD, CD, CD_NM_KO, CD_NM_EN, SORT_NO, REG_ID) VALUES ('UNIT_CD', 'SET', '세트', 'Set', 4, 'SYSTEM');

-- ---------- 채번 (VD-#####, IT-#####) ----------
INSERT INTO CM_DOC_NO (DOC_TYP, DOC_NM, PREFIX, DATE_FMT, SEQ_LEN, LAST_SEQ, REG_ID) VALUES ('VD', '협력사', 'VD', NULL, 5, 0, 'SYSTEM');
INSERT INTO CM_DOC_NO (DOC_TYP, DOC_NM, PREFIX, DATE_FMT, SEQ_LEN, LAST_SEQ, REG_ID) VALUES ('IT', '품목', 'IT', NULL, 5, 0, 'SYSTEM');

-- ---------- 샘플 품목분류 ----------
INSERT INTO IT_CATEGORY (CATE_CD, CATE_NM, UP_CATE_CD, CATE_LVL, SORT_NO, LEAF_YN, REG_ID) VALUES ('C100', '사무용품', NULL, 1, 1, 'N', 'SYSTEM');
INSERT INTO IT_CATEGORY (CATE_CD, CATE_NM, UP_CATE_CD, CATE_LVL, SORT_NO, LEAF_YN, REG_ID) VALUES ('C110', '문구', 'C100', 2, 1, 'Y', 'SYSTEM');
INSERT INTO IT_CATEGORY (CATE_CD, CATE_NM, UP_CATE_CD, CATE_LVL, SORT_NO, LEAF_YN, REG_ID) VALUES ('C120', 'OA기기', 'C100', 2, 2, 'Y', 'SYSTEM');
INSERT INTO IT_CATEGORY (CATE_CD, CATE_NM, UP_CATE_CD, CATE_LVL, SORT_NO, LEAF_YN, REG_ID) VALUES ('C200', '원부자재', NULL, 1, 2, 'Y', 'SYSTEM');

-- ---------- 메뉴: 기준정보(BASE) ----------
INSERT INTO CM_MENU (MENU_ID, MENU_NM, UP_MENU_ID, MENU_LVL, URL, ICON, SORT_NO, REG_ID) VALUES ('BASE', '기준정보', NULL, 1, NULL, 'database', 5, 'SYSTEM');
INSERT INTO CM_MENU (MENU_ID, MENU_NM, UP_MENU_ID, MENU_LVL, URL, ICON, SORT_NO, REG_ID) VALUES ('BASE_VD', '협력사', 'BASE', 2, '/base/vendor', 'truck', 1, 'SYSTEM');
INSERT INTO CM_MENU (MENU_ID, MENU_NM, UP_MENU_ID, MENU_LVL, URL, ICON, SORT_NO, REG_ID) VALUES ('BASE_CATE', '품목분류', 'BASE', 2, '/base/category', 'folder', 2, 'SYSTEM');
INSERT INTO CM_MENU (MENU_ID, MENU_NM, UP_MENU_ID, MENU_LVL, URL, ICON, SORT_NO, REG_ID) VALUES ('BASE_ITEM', '품목', 'BASE', 2, '/base/item', 'box', 3, 'SYSTEM');

-- ---------- 권한 ----------
INSERT INTO CM_ROLE_FUNC (ROLE_ID, MENU_ID, AUTH_CD, REG_ID) VALUES ('ADMIN', 'BASE_VD', 'MANAGEMENT', 'SYSTEM');
INSERT INTO CM_ROLE_FUNC (ROLE_ID, MENU_ID, AUTH_CD, REG_ID) VALUES ('ADMIN', 'BASE_CATE', 'MANAGEMENT', 'SYSTEM');
INSERT INTO CM_ROLE_FUNC (ROLE_ID, MENU_ID, AUTH_CD, REG_ID) VALUES ('ADMIN', 'BASE_ITEM', 'MANAGEMENT', 'SYSTEM');
INSERT INTO CM_ROLE_FUNC (ROLE_ID, MENU_ID, AUTH_CD, REG_ID) VALUES ('USER', 'BASE_VD', 'READ', 'SYSTEM');
INSERT INTO CM_ROLE_FUNC (ROLE_ID, MENU_ID, AUTH_CD, REG_ID) VALUES ('USER', 'BASE_CATE', 'READ', 'SYSTEM');
INSERT INTO CM_ROLE_FUNC (ROLE_ID, MENU_ID, AUTH_CD, REG_ID) VALUES ('USER', 'BASE_ITEM', 'READ', 'SYSTEM');

COMMIT;
