-- =============================================================
-- 구매시스템 SEED - 18. 협력사 리스크 (감시/규제)
-- =============================================================

-- 감시 상태/유형/결과
INSERT INTO CM_CODE_GRP (GRP_CD, GRP_NM, REG_ID) VALUES ('AUDIT_STS', '감시상태', 'SYSTEM');
INSERT INTO CM_CODE (GRP_CD, CD, CD_NM_KO, SORT_NO, REG_ID) VALUES ('AUDIT_STS', 'ING', '점검중', 1, 'SYSTEM');
INSERT INTO CM_CODE (GRP_CD, CD, CD_NM_KO, SORT_NO, REG_ID) VALUES ('AUDIT_STS', 'DONE', '점검완료', 2, 'SYSTEM');
INSERT INTO CM_CODE (GRP_CD, CD, CD_NM_KO, SORT_NO, REG_ID) VALUES ('AUDIT_STS', 'CANCEL', '취소', 9, 'SYSTEM');

INSERT INTO CM_CODE_GRP (GRP_CD, GRP_NM, REG_ID) VALUES ('AUDIT_TYP', '감시유형', 'SYSTEM');
INSERT INTO CM_CODE (GRP_CD, CD, CD_NM_KO, SORT_NO, REG_ID) VALUES ('AUDIT_TYP', 'REGULAR', '정기감시', 1, 'SYSTEM');
INSERT INTO CM_CODE (GRP_CD, CD, CD_NM_KO, SORT_NO, REG_ID) VALUES ('AUDIT_TYP', 'SPECIAL', '특별감시', 2, 'SYSTEM');

INSERT INTO CM_CODE_GRP (GRP_CD, GRP_NM, REG_ID) VALUES ('AUDIT_GRADE', '감시결과등급', 'SYSTEM');
INSERT INTO CM_CODE (GRP_CD, CD, CD_NM_KO, SORT_NO, REG_ID) VALUES ('AUDIT_GRADE', 'SAFE', '양호', 1, 'SYSTEM');
INSERT INTO CM_CODE (GRP_CD, CD, CD_NM_KO, SORT_NO, REG_ID) VALUES ('AUDIT_GRADE', 'WATCH', '관찰', 2, 'SYSTEM');
INSERT INTO CM_CODE (GRP_CD, CD, CD_NM_KO, SORT_NO, REG_ID) VALUES ('AUDIT_GRADE', 'RISK', '위험', 3, 'SYSTEM');

-- 규제 유형/상태
INSERT INTO CM_CODE_GRP (GRP_CD, GRP_NM, REG_ID) VALUES ('REGAL_TYP', '규제유형', 'SYSTEM');
INSERT INTO CM_CODE (GRP_CD, CD, CD_NM_KO, SORT_NO, REG_ID) VALUES ('REGAL_TYP', 'LAW', '법률', 1, 'SYSTEM');
INSERT INTO CM_CODE (GRP_CD, CD, CD_NM_KO, SORT_NO, REG_ID) VALUES ('REGAL_TYP', 'DECREE', '시행령', 2, 'SYSTEM');
INSERT INTO CM_CODE (GRP_CD, CD, CD_NM_KO, SORT_NO, REG_ID) VALUES ('REGAL_TYP', 'NOTICE', '고시', 3, 'SYSTEM');
INSERT INTO CM_CODE (GRP_CD, CD, CD_NM_KO, SORT_NO, REG_ID) VALUES ('REGAL_TYP', 'ETC', '기타', 4, 'SYSTEM');

INSERT INTO CM_CODE_GRP (GRP_CD, GRP_NM, REG_ID) VALUES ('REGAL_STS', '규제상태', 'SYSTEM');
INSERT INTO CM_CODE (GRP_CD, CD, CD_NM_KO, SORT_NO, REG_ID) VALUES ('REGAL_STS', 'ACTIVE', '관리중', 1, 'SYSTEM');
INSERT INTO CM_CODE (GRP_CD, CD, CD_NM_KO, SORT_NO, REG_ID) VALUES ('REGAL_STS', 'CLOSED', '종료', 2, 'SYSTEM');

-- 채번
INSERT INTO CM_DOC_NO (DOC_TYP, DOC_NM, PREFIX, DATE_FMT, SEQ_LEN, LAST_SEQ, REG_ID) VALUES ('AD', '협력사감시', 'AD', 'YYYYMM', 4, 0, 'SYSTEM');
INSERT INTO CM_DOC_NO (DOC_TYP, DOC_NM, PREFIX, DATE_FMT, SEQ_LEN, LAST_SEQ, REG_ID) VALUES ('RG', '규제', 'RG', NULL, 5, 0, 'SYSTEM');

-- 감시 상태전이
INSERT INTO CM_STATUS_FLOW (DOC_TYP, FROM_STS, ACTION, TO_STS, ACTION_NM, DIRECTION, RSN_REQ_YN, SORT_NO, REG_ID)
VALUES ('AD', 'ING', 'COMPLETE', 'DONE', '점검완료', 'FWD', 'N', 1, 'SYSTEM');
INSERT INTO CM_STATUS_FLOW (DOC_TYP, FROM_STS, ACTION, TO_STS, ACTION_NM, DIRECTION, RSN_REQ_YN, SORT_NO, REG_ID)
VALUES ('AD', 'DONE', 'REOPEN', 'ING', '재점검', 'BWD', 'Y', 2, 'SYSTEM');
INSERT INTO CM_STATUS_FLOW (DOC_TYP, FROM_STS, ACTION, TO_STS, ACTION_NM, DIRECTION, RSN_REQ_YN, SORT_NO, REG_ID)
VALUES ('AD', 'ING', 'CANCEL', 'CANCEL', '취소', 'END', 'Y', 9, 'SYSTEM');

-- 메뉴 (협력사관리 하위)
INSERT INTO CM_MENU (MENU_ID, MENU_NM, UP_MENU_ID, MENU_LVL, URL, ICON, SORT_NO, REG_ID) VALUES ('SRM_AUDIT', '협력사감시', 'SRM', 2, '/srm/audit', 'shield', 3, 'SYSTEM');
INSERT INTO CM_MENU (MENU_ID, MENU_NM, UP_MENU_ID, MENU_LVL, URL, ICON, SORT_NO, REG_ID) VALUES ('SRM_REGAL', '규제준수', 'SRM', 2, '/srm/regal', 'book', 4, 'SYSTEM');
INSERT INTO CM_ROLE_FUNC (ROLE_ID, MENU_ID, AUTH_CD, REG_ID) VALUES ('ADMIN', 'SRM_AUDIT', 'MANAGEMENT', 'SYSTEM');
INSERT INTO CM_ROLE_FUNC (ROLE_ID, MENU_ID, AUTH_CD, REG_ID) VALUES ('ADMIN', 'SRM_REGAL', 'MANAGEMENT', 'SYSTEM');
INSERT INTO CM_ROLE_FUNC (ROLE_ID, MENU_ID, AUTH_CD, REG_ID) VALUES ('USER', 'SRM_AUDIT', 'SAVE', 'SYSTEM');
INSERT INTO CM_ROLE_FUNC (ROLE_ID, MENU_ID, AUTH_CD, REG_ID) VALUES ('USER', 'SRM_REGAL', 'READ', 'SYSTEM');

-- 샘플 규제
INSERT INTO VD_REGAL (REGAL_NO, REGAL_NM, REGAL_TYP, PLAN_YMD, NOTIFY_YMD, ENFORCE_YMD, TARGET_DESC, ALARM_YN, ALARM_BEFORE_DAY, REG_ID)
VALUES ('RG-00001', '중대재해처벌법 개정', 'LAW', DATE '2026-03-01', DATE '2026-05-01', DATE '2026-07-01', '5인이상 협력사 안전보건 의무 강화', 'Y', 30, 'SYSTEM');
INSERT INTO VD_REGAL (REGAL_NO, REGAL_NM, REGAL_TYP, NOTIFY_YMD, ENFORCE_YMD, TARGET_DESC, ALARM_YN, ALARM_BEFORE_DAY, REG_ID)
VALUES ('RG-00002', '식품위생법 시행규칙 개정', 'NOTICE', DATE '2026-04-15', DATE '2026-08-15', '원부자재 협력사 위생관리 기준 변경', 'Y', 30, 'SYSTEM');

COMMIT;
