-- =============================================================
-- 구매시스템 SEED - 22. 전자결재 관련
-- =============================================================

INSERT INTO CM_CODE_GRP (GRP_CD, GRP_NM, REG_ID) VALUES ('APRV_STS', '결재상태', 'SYSTEM');
INSERT INTO CM_CODE (GRP_CD, CD, CD_NM_KO, SORT_NO, REG_ID) VALUES ('APRV_STS', 'ING', '결재중', 1, 'SYSTEM');
INSERT INTO CM_CODE (GRP_CD, CD, CD_NM_KO, SORT_NO, REG_ID) VALUES ('APRV_STS', 'DONE', '결재완료', 2, 'SYSTEM');
INSERT INTO CM_CODE (GRP_CD, CD, CD_NM_KO, SORT_NO, REG_ID) VALUES ('APRV_STS', 'REJECT', '반려', 3, 'SYSTEM');
INSERT INTO CM_CODE (GRP_CD, CD, CD_NM_KO, SORT_NO, REG_ID) VALUES ('APRV_STS', 'RECALL', '회수', 4, 'SYSTEM');

INSERT INTO CM_CODE_GRP (GRP_CD, GRP_NM, REG_ID) VALUES ('LINE_STS', '결재단계상태', 'SYSTEM');
INSERT INTO CM_CODE (GRP_CD, CD, CD_NM_KO, SORT_NO, REG_ID) VALUES ('LINE_STS', 'WAIT', '대기', 1, 'SYSTEM');
INSERT INTO CM_CODE (GRP_CD, CD, CD_NM_KO, SORT_NO, REG_ID) VALUES ('LINE_STS', 'ING', '결재요청', 2, 'SYSTEM');
INSERT INTO CM_CODE (GRP_CD, CD, CD_NM_KO, SORT_NO, REG_ID) VALUES ('LINE_STS', 'APPROVE', '승인', 3, 'SYSTEM');
INSERT INTO CM_CODE (GRP_CD, CD, CD_NM_KO, SORT_NO, REG_ID) VALUES ('LINE_STS', 'REJECT', '반려', 4, 'SYSTEM');

INSERT INTO CM_DOC_NO (DOC_TYP, DOC_NM, PREFIX, DATE_FMT, SEQ_LEN, LAST_SEQ, REG_ID) VALUES ('AP', '결재', 'AP', 'YYYYMM', 5, 0, 'SYSTEM');

-- 메뉴: 결재 그룹 + 결재함
INSERT INTO CM_MENU (MENU_ID, MENU_NM, UP_MENU_ID, MENU_LVL, URL, ICON, SORT_NO, REG_ID) VALUES ('APRV', '전자결재', NULL, 1, NULL, 'check', 3, 'SYSTEM');
INSERT INTO CM_MENU (MENU_ID, MENU_NM, UP_MENU_ID, MENU_LVL, URL, ICON, SORT_NO, REG_ID) VALUES ('APRV_INBOX', '결재함', 'APRV', 2, '/approval/inbox', 'inbox', 1, 'SYSTEM');
INSERT INTO CM_MENU (MENU_ID, MENU_NM, UP_MENU_ID, MENU_LVL, URL, ICON, SORT_NO, REG_ID) VALUES ('APRV_DRAFT', '상신함', 'APRV', 2, '/approval/draft', 'send', 2, 'SYSTEM');
INSERT INTO CM_ROLE_FUNC (ROLE_ID, MENU_ID, AUTH_CD, REG_ID) VALUES ('ADMIN', 'APRV_INBOX', 'APPROVAL', 'SYSTEM');
INSERT INTO CM_ROLE_FUNC (ROLE_ID, MENU_ID, AUTH_CD, REG_ID) VALUES ('ADMIN', 'APRV_DRAFT', 'READ', 'SYSTEM');
INSERT INTO CM_ROLE_FUNC (ROLE_ID, MENU_ID, AUTH_CD, REG_ID) VALUES ('USER', 'APRV_INBOX', 'APPROVAL', 'SYSTEM');
INSERT INTO CM_ROLE_FUNC (ROLE_ID, MENU_ID, AUTH_CD, REG_ID) VALUES ('USER', 'APRV_DRAFT', 'READ', 'SYSTEM');

COMMIT;
