-- =============================================================
-- 구매시스템 SEED - 40. 협력사 마스터 확장 + 신규등록 심사
-- =============================================================

-- 등록심사 상태
INSERT INTO CM_CODE_GRP (GRP_CD, GRP_NM, REG_ID) VALUES ('VD_REG_STS', '협력사 등록심사상태', 'SYSTEM');
INSERT INTO CM_CODE (GRP_CD, CD, CD_NM_KO, SORT_NO, REG_ID) VALUES ('VD_REG_STS', 'DRAFT', '작성중', 1, 'SYSTEM');
INSERT INTO CM_CODE (GRP_CD, CD, CD_NM_KO, SORT_NO, REG_ID) VALUES ('VD_REG_STS', 'REQ', '심사요청(상신)', 2, 'SYSTEM');
INSERT INTO CM_CODE (GRP_CD, CD, CD_NM_KO, SORT_NO, REG_ID) VALUES ('VD_REG_STS', 'APPROVED', '심사승인(거래개시)', 3, 'SYSTEM');
INSERT INTO CM_CODE (GRP_CD, CD, CD_NM_KO, SORT_NO, REG_ID) VALUES ('VD_REG_STS', 'REJECTED', '반려', 9, 'SYSTEM');

-- 산업부문
INSERT INTO CM_CODE_GRP (GRP_CD, GRP_NM, REG_ID) VALUES ('IND_SECT', '산업부문', 'SYSTEM');
INSERT INTO CM_CODE (GRP_CD, CD, CD_NM_KO, SORT_NO, REG_ID) VALUES ('IND_SECT', 'FOOD', '식품', 1, 'SYSTEM');
INSERT INTO CM_CODE (GRP_CD, CD, CD_NM_KO, SORT_NO, REG_ID) VALUES ('IND_SECT', 'AGRI', '농수축산', 2, 'SYSTEM');
INSERT INTO CM_CODE (GRP_CD, CD, CD_NM_KO, SORT_NO, REG_ID) VALUES ('IND_SECT', 'PACK', '포장재', 3, 'SYSTEM');
INSERT INTO CM_CODE (GRP_CD, CD, CD_NM_KO, SORT_NO, REG_ID) VALUES ('IND_SECT', 'MRO', '소모성자재(MRO)', 4, 'SYSTEM');
INSERT INTO CM_CODE (GRP_CD, CD, CD_NM_KO, SORT_NO, REG_ID) VALUES ('IND_SECT', 'SVC', '용역/서비스', 5, 'SYSTEM');
INSERT INTO CM_CODE (GRP_CD, CD, CD_NM_KO, SORT_NO, REG_ID) VALUES ('IND_SECT', 'ETC', '기타', 9, 'SYSTEM');

-- 거래형태
INSERT INTO CM_CODE_GRP (GRP_CD, GRP_NM, REG_ID) VALUES ('TRAD_FORM', '거래형태', 'SYSTEM');
INSERT INTO CM_CODE (GRP_CD, CD, CD_NM_KO, SORT_NO, REG_ID) VALUES ('TRAD_FORM', 'MFR', '제조사', 1, 'SYSTEM');
INSERT INTO CM_CODE (GRP_CD, CD, CD_NM_KO, SORT_NO, REG_ID) VALUES ('TRAD_FORM', 'DIST', '유통/도매', 2, 'SYSTEM');
INSERT INTO CM_CODE (GRP_CD, CD, CD_NM_KO, SORT_NO, REG_ID) VALUES ('TRAD_FORM', 'AGENT', '대리점/에이전트', 3, 'SYSTEM');
INSERT INTO CM_CODE (GRP_CD, CD, CD_NM_KO, SORT_NO, REG_ID) VALUES ('TRAD_FORM', 'IMP', '수입상', 4, 'SYSTEM');

-- 회사규모
INSERT INTO CM_CODE_GRP (GRP_CD, GRP_NM, REG_ID) VALUES ('VD_SIZE', '회사규모', 'SYSTEM');
INSERT INTO CM_CODE (GRP_CD, CD, CD_NM_KO, SORT_NO, REG_ID) VALUES ('VD_SIZE', 'LARGE', '대기업', 1, 'SYSTEM');
INSERT INTO CM_CODE (GRP_CD, CD, CD_NM_KO, SORT_NO, REG_ID) VALUES ('VD_SIZE', 'MID', '중견기업', 2, 'SYSTEM');
INSERT INTO CM_CODE (GRP_CD, CD, CD_NM_KO, SORT_NO, REG_ID) VALUES ('VD_SIZE', 'SMALL', '중소기업', 3, 'SYSTEM');
INSERT INTO CM_CODE (GRP_CD, CD, CD_NM_KO, SORT_NO, REG_ID) VALUES ('VD_SIZE', 'MICRO', '소상공인', 4, 'SYSTEM');

-- 세금계산서 발행유형
INSERT INTO CM_CODE_GRP (GRP_CD, GRP_NM, REG_ID) VALUES ('TAX_BILL_TYP', '세금계산서 발행유형', 'SYSTEM');
INSERT INTO CM_CODE (GRP_CD, CD, CD_NM_KO, SORT_NO, REG_ID) VALUES ('TAX_BILL_TYP', 'VD_ISSUE', '협력사 발행', 1, 'SYSTEM');
INSERT INTO CM_CODE (GRP_CD, CD, CD_NM_KO, SORT_NO, REG_ID) VALUES ('TAX_BILL_TYP', 'SELF_BILL', '자사 역발행', 2, 'SYSTEM');

-- 면허/인증 유형
INSERT INTO CM_CODE_GRP (GRP_CD, GRP_NM, REG_ID) VALUES ('LIC_TYP', '면허/인증 유형', 'SYSTEM');
INSERT INTO CM_CODE (GRP_CD, CD, CD_NM_KO, SORT_NO, REG_ID) VALUES ('LIC_TYP', 'HACCP', 'HACCP', 1, 'SYSTEM');
INSERT INTO CM_CODE (GRP_CD, CD, CD_NM_KO, SORT_NO, REG_ID) VALUES ('LIC_TYP', 'ISO', 'ISO인증', 2, 'SYSTEM');
INSERT INTO CM_CODE (GRP_CD, CD, CD_NM_KO, SORT_NO, REG_ID) VALUES ('LIC_TYP', 'FSSC', 'FSSC22000', 3, 'SYSTEM');
INSERT INTO CM_CODE (GRP_CD, CD, CD_NM_KO, SORT_NO, REG_ID) VALUES ('LIC_TYP', 'BIZ_LIC', '영업/제조허가', 4, 'SYSTEM');
INSERT INTO CM_CODE (GRP_CD, CD, CD_NM_KO, SORT_NO, REG_ID) VALUES ('LIC_TYP', 'ETC', '기타', 9, 'SYSTEM');

-- 등록심사 상태전이 (DOC_TYP=VD) : 작성→심사요청→승인(거래개시)/반려
INSERT INTO CM_STATUS_FLOW (DOC_TYP, FROM_STS, ACTION, TO_STS, ACTION_NM, DIRECTION, RSN_REQ_YN, SORT_NO, REG_ID)
VALUES ('VD', 'DRAFT', 'SUBMIT', 'REQ', '심사요청', 'FWD', 'N', 1, 'SYSTEM');
INSERT INTO CM_STATUS_FLOW (DOC_TYP, FROM_STS, ACTION, TO_STS, ACTION_NM, DIRECTION, RSN_REQ_YN, SORT_NO, REG_ID)
VALUES ('VD', 'REQ', 'APPROVE', 'APPROVED', '심사승인', 'FWD', 'N', 1, 'SYSTEM');
INSERT INTO CM_STATUS_FLOW (DOC_TYP, FROM_STS, ACTION, TO_STS, ACTION_NM, DIRECTION, RSN_REQ_YN, SORT_NO, REG_ID)
VALUES ('VD', 'REQ', 'REJECT', 'DRAFT', '반려', 'BWD', 'Y', 2, 'SYSTEM');
INSERT INTO CM_STATUS_FLOW (DOC_TYP, FROM_STS, ACTION, TO_STS, ACTION_NM, DIRECTION, RSN_REQ_YN, SORT_NO, REG_ID)
VALUES ('VD', 'REQ', 'RECALL', 'DRAFT', '회수', 'BWD', 'N', 3, 'SYSTEM');

-- 메뉴: 협력사 등록심사 (기준정보 하위, 협력사 다음)
INSERT INTO CM_MENU (MENU_ID, MENU_NM, UP_MENU_ID, MENU_LVL, URL, ICON, SORT_NO, REG_ID) VALUES ('BASE_VDREG', '협력사 등록심사', 'BASE', 2, '/base/vendor-reg', 'user-plus', 1.1, 'SYSTEM');
INSERT INTO CM_ROLE_FUNC (ROLE_ID, MENU_ID, AUTH_CD, REG_ID) VALUES ('ADMIN', 'BASE_VDREG', 'MANAGEMENT', 'SYSTEM');
INSERT INTO CM_ROLE_FUNC (ROLE_ID, MENU_ID, AUTH_CD, REG_ID) VALUES ('USER', 'BASE_VDREG', 'SAVE', 'SYSTEM');

COMMIT;
