-- =============================================================
-- 구매시스템 SEED - 52. 품질 CAPA
-- =============================================================

-- 부적합 유형
INSERT INTO CM_CODE_GRP (GRP_CD, GRP_NM, REG_ID) VALUES ('QC_NC_TYP', '부적합 유형', 'SYSTEM');
INSERT INTO CM_CODE (GRP_CD, CD, CD_NM_KO, SORT_NO, REG_ID) VALUES ('QC_NC_TYP', 'QUALITY', '품질불량', 1, 'SYSTEM');
INSERT INTO CM_CODE (GRP_CD, CD, CD_NM_KO, SORT_NO, REG_ID) VALUES ('QC_NC_TYP', 'HYGIENE', '위생', 2, 'SYSTEM');
INSERT INTO CM_CODE (GRP_CD, CD, CD_NM_KO, SORT_NO, REG_ID) VALUES ('QC_NC_TYP', 'PACK', '포장', 3, 'SYSTEM');
INSERT INTO CM_CODE (GRP_CD, CD, CD_NM_KO, SORT_NO, REG_ID) VALUES ('QC_NC_TYP', 'SPEC', '규격미달', 4, 'SYSTEM');
INSERT INTO CM_CODE (GRP_CD, CD, CD_NM_KO, SORT_NO, REG_ID) VALUES ('QC_NC_TYP', 'FOREIGN', '이물', 5, 'SYSTEM');
INSERT INTO CM_CODE (GRP_CD, CD, CD_NM_KO, SORT_NO, REG_ID) VALUES ('QC_NC_TYP', 'ETC', '기타', 9, 'SYSTEM');

-- 심각도
INSERT INTO CM_CODE_GRP (GRP_CD, GRP_NM, REG_ID) VALUES ('QC_SEVERITY', '부적합 심각도', 'SYSTEM');
INSERT INTO CM_CODE (GRP_CD, CD, CD_NM_KO, SORT_NO, REG_ID) VALUES ('QC_SEVERITY', 'MINOR', '경미', 1, 'SYSTEM');
INSERT INTO CM_CODE (GRP_CD, CD, CD_NM_KO, SORT_NO, REG_ID) VALUES ('QC_SEVERITY', 'MAJOR', '중대', 2, 'SYSTEM');
INSERT INTO CM_CODE (GRP_CD, CD, CD_NM_KO, SORT_NO, REG_ID) VALUES ('QC_SEVERITY', 'CRITICAL', '치명', 3, 'SYSTEM');

-- 부적합 상태
INSERT INTO CM_CODE_GRP (GRP_CD, GRP_NM, REG_ID) VALUES ('QC_STS', '부적합 상태', 'SYSTEM');
INSERT INTO CM_CODE (GRP_CD, CD, CD_NM_KO, SORT_NO, REG_ID) VALUES ('QC_STS', 'OPEN', '접수', 1, 'SYSTEM');
INSERT INTO CM_CODE (GRP_CD, CD, CD_NM_KO, SORT_NO, REG_ID) VALUES ('QC_STS', 'REQ', '개선요청', 2, 'SYSTEM');
INSERT INTO CM_CODE (GRP_CD, CD, CD_NM_KO, SORT_NO, REG_ID) VALUES ('QC_STS', 'ACTION', '조치중', 3, 'SYSTEM');
INSERT INTO CM_CODE (GRP_CD, CD, CD_NM_KO, SORT_NO, REG_ID) VALUES ('QC_STS', 'CLOSED', '검증종료', 4, 'SYSTEM');
INSERT INTO CM_CODE (GRP_CD, CD, CD_NM_KO, SORT_NO, REG_ID) VALUES ('QC_STS', 'CANCEL', '취소', 9, 'SYSTEM');

-- 조치유형 / 조치상태
INSERT INTO CM_CODE_GRP (GRP_CD, GRP_NM, REG_ID) VALUES ('QC_ACTION_TYP', '개선조치 유형', 'SYSTEM');
INSERT INTO CM_CODE (GRP_CD, CD, CD_NM_KO, SORT_NO, REG_ID) VALUES ('QC_ACTION_TYP', 'CORRECT', '시정조치', 1, 'SYSTEM');
INSERT INTO CM_CODE (GRP_CD, CD, CD_NM_KO, SORT_NO, REG_ID) VALUES ('QC_ACTION_TYP', 'PREVENT', '예방조치', 2, 'SYSTEM');
INSERT INTO CM_CODE_GRP (GRP_CD, GRP_NM, REG_ID) VALUES ('QC_RESULT_STS', '조치 상태', 'SYSTEM');
INSERT INTO CM_CODE (GRP_CD, CD, CD_NM_KO, SORT_NO, REG_ID) VALUES ('QC_RESULT_STS', 'PLAN', '계획', 1, 'SYSTEM');
INSERT INTO CM_CODE (GRP_CD, CD, CD_NM_KO, SORT_NO, REG_ID) VALUES ('QC_RESULT_STS', 'DOING', '진행중', 2, 'SYSTEM');
INSERT INTO CM_CODE (GRP_CD, CD, CD_NM_KO, SORT_NO, REG_ID) VALUES ('QC_RESULT_STS', 'DONE', '완료', 3, 'SYSTEM');
INSERT INTO CM_CODE (GRP_CD, CD, CD_NM_KO, SORT_NO, REG_ID) VALUES ('QC_RESULT_STS', 'VERIFIED', '검증완료', 4, 'SYSTEM');

-- 채번
INSERT INTO CM_DOC_NO (DOC_TYP, DOC_NM, PREFIX, DATE_FMT, SEQ_LEN, LAST_SEQ, REG_ID) VALUES ('QC', '부적합', 'NC', 'YYYYMM', 4, 0, 'SYSTEM');

-- 상태전이 (개선요청/조치착수/검증종료/보완요청/취소)
INSERT INTO CM_STATUS_FLOW (DOC_TYP, FROM_STS, ACTION, TO_STS, ACTION_NM, DIRECTION, RSN_REQ_YN, SORT_NO, REG_ID)
VALUES ('QC', 'OPEN', 'REQUEST', 'REQ', '개선요청', 'FWD', 'N', 1, 'SYSTEM');
INSERT INTO CM_STATUS_FLOW (DOC_TYP, FROM_STS, ACTION, TO_STS, ACTION_NM, DIRECTION, RSN_REQ_YN, SORT_NO, REG_ID)
VALUES ('QC', 'REQ', 'STARTACT', 'ACTION', '조치착수', 'FWD', 'N', 1, 'SYSTEM');
INSERT INTO CM_STATUS_FLOW (DOC_TYP, FROM_STS, ACTION, TO_STS, ACTION_NM, DIRECTION, RSN_REQ_YN, SORT_NO, REG_ID)
VALUES ('QC', 'ACTION', 'CLOSE', 'CLOSED', '검증종료', 'FWD', 'N', 1, 'SYSTEM');
INSERT INTO CM_STATUS_FLOW (DOC_TYP, FROM_STS, ACTION, TO_STS, ACTION_NM, DIRECTION, RSN_REQ_YN, SORT_NO, REG_ID)
VALUES ('QC', 'ACTION', 'REJECT', 'REQ', '보완요청', 'BWD', 'Y', 2, 'SYSTEM');
INSERT INTO CM_STATUS_FLOW (DOC_TYP, FROM_STS, ACTION, TO_STS, ACTION_NM, DIRECTION, RSN_REQ_YN, SORT_NO, REG_ID)
VALUES ('QC', 'OPEN', 'CANCEL', 'CANCEL', '취소', 'END', 'Y', 9, 'SYSTEM');

-- 메뉴 (품질관리 하위, 입고검사 다음)
INSERT INTO CM_MENU (MENU_ID, MENU_NM, UP_MENU_ID, MENU_LVL, URL, ICON, SORT_NO, REG_ID) VALUES ('QLT_NC', '부적합/개선', 'QLT', 2, '/qlt/nc', 'alert-triangle', 2, 'SYSTEM');
INSERT INTO CM_ROLE_FUNC (ROLE_ID, MENU_ID, AUTH_CD, REG_ID) VALUES ('ADMIN', 'QLT_NC', 'MANAGEMENT', 'SYSTEM');
INSERT INTO CM_ROLE_FUNC (ROLE_ID, MENU_ID, AUTH_CD, REG_ID) VALUES ('USER', 'QLT_NC', 'SAVE', 'SYSTEM');

COMMIT;
