-- =============================================================
-- 구매시스템 SEED - 55. 협력사 클레임(CLM)
-- =============================================================

INSERT INTO CM_CODE_GRP (GRP_CD, GRP_NM, REG_ID) VALUES ('CLM_TYP', '클레임 유형', 'SYSTEM');
INSERT INTO CM_CODE (GRP_CD, CD, CD_NM_KO, SORT_NO, REG_ID) VALUES ('CLM_TYP', 'QUALITY', '품질', 1, 'SYSTEM');
INSERT INTO CM_CODE (GRP_CD, CD, CD_NM_KO, SORT_NO, REG_ID) VALUES ('CLM_TYP', 'DELIVERY', '납기', 2, 'SYSTEM');
INSERT INTO CM_CODE (GRP_CD, CD, CD_NM_KO, SORT_NO, REG_ID) VALUES ('CLM_TYP', 'QTY', '수량', 3, 'SYSTEM');
INSERT INTO CM_CODE (GRP_CD, CD, CD_NM_KO, SORT_NO, REG_ID) VALUES ('CLM_TYP', 'SERVICE', '서비스', 4, 'SYSTEM');
INSERT INTO CM_CODE (GRP_CD, CD, CD_NM_KO, SORT_NO, REG_ID) VALUES ('CLM_TYP', 'ETC', '기타', 9, 'SYSTEM');

INSERT INTO CM_CODE_GRP (GRP_CD, GRP_NM, REG_ID) VALUES ('CLM_STS', '클레임 상태', 'SYSTEM');
INSERT INTO CM_CODE (GRP_CD, CD, CD_NM_KO, SORT_NO, REG_ID) VALUES ('CLM_STS', 'OPEN', '접수', 1, 'SYSTEM');
INSERT INTO CM_CODE (GRP_CD, CD, CD_NM_KO, SORT_NO, REG_ID) VALUES ('CLM_STS', 'PROC', '처리중', 2, 'SYSTEM');
INSERT INTO CM_CODE (GRP_CD, CD, CD_NM_KO, SORT_NO, REG_ID) VALUES ('CLM_STS', 'RESOLVED', '해결', 3, 'SYSTEM');
INSERT INTO CM_CODE (GRP_CD, CD, CD_NM_KO, SORT_NO, REG_ID) VALUES ('CLM_STS', 'CLOSED', '종결', 4, 'SYSTEM');
INSERT INTO CM_CODE (GRP_CD, CD, CD_NM_KO, SORT_NO, REG_ID) VALUES ('CLM_STS', 'CANCEL', '취소', 9, 'SYSTEM');

INSERT INTO CM_DOC_NO (DOC_TYP, DOC_NM, PREFIX, DATE_FMT, SEQ_LEN, LAST_SEQ, REG_ID) VALUES ('CLM', '클레임', 'CLM', 'YYYYMM', 4, 0, 'SYSTEM');

INSERT INTO CM_STATUS_FLOW (DOC_TYP, FROM_STS, ACTION, TO_STS, ACTION_NM, DIRECTION, RSN_REQ_YN, SORT_NO, REG_ID)
VALUES ('CLM', 'OPEN', 'START', 'PROC', '처리요청', 'FWD', 'N', 1, 'SYSTEM');
INSERT INTO CM_STATUS_FLOW (DOC_TYP, FROM_STS, ACTION, TO_STS, ACTION_NM, DIRECTION, RSN_REQ_YN, SORT_NO, REG_ID)
VALUES ('CLM', 'PROC', 'RESOLVE', 'RESOLVED', '해결처리', 'FWD', 'N', 1, 'SYSTEM');
INSERT INTO CM_STATUS_FLOW (DOC_TYP, FROM_STS, ACTION, TO_STS, ACTION_NM, DIRECTION, RSN_REQ_YN, SORT_NO, REG_ID)
VALUES ('CLM', 'RESOLVED', 'CLOSE', 'CLOSED', '종결', 'FWD', 'N', 1, 'SYSTEM');
INSERT INTO CM_STATUS_FLOW (DOC_TYP, FROM_STS, ACTION, TO_STS, ACTION_NM, DIRECTION, RSN_REQ_YN, SORT_NO, REG_ID)
VALUES ('CLM', 'PROC', 'REJECT', 'OPEN', '반려', 'BWD', 'Y', 2, 'SYSTEM');
INSERT INTO CM_STATUS_FLOW (DOC_TYP, FROM_STS, ACTION, TO_STS, ACTION_NM, DIRECTION, RSN_REQ_YN, SORT_NO, REG_ID)
VALUES ('CLM', 'OPEN', 'CANCEL', 'CANCEL', '취소', 'END', 'Y', 9, 'SYSTEM');

INSERT INTO CM_MENU (MENU_ID, MENU_NM, UP_MENU_ID, MENU_LVL, URL, ICON, SORT_NO, REG_ID) VALUES ('SRM_CLM', '클레임', 'SRM', 2, '/srm/claim', 'alert-circle', 3, 'SYSTEM');
INSERT INTO CM_ROLE_FUNC (ROLE_ID, MENU_ID, AUTH_CD, REG_ID) VALUES ('ADMIN', 'SRM_CLM', 'MANAGEMENT', 'SYSTEM');
INSERT INTO CM_ROLE_FUNC (ROLE_ID, MENU_ID, AUTH_CD, REG_ID) VALUES ('USER', 'SRM_CLM', 'SAVE', 'SYSTEM');

COMMIT;
