-- =============================================================
-- 구매시스템 SEED - 59. 품목 동적속성 + 등록요청
-- =============================================================

-- 속성유형
INSERT INTO CM_CODE_GRP (GRP_CD, GRP_NM, REG_ID) VALUES ('ATTR_TYP', '속성유형', 'SYSTEM');
INSERT INTO CM_CODE (GRP_CD, CD, CD_NM_KO, SORT_NO, REG_ID) VALUES ('ATTR_TYP', 'TEXT', '텍스트', 1, 'SYSTEM');
INSERT INTO CM_CODE (GRP_CD, CD, CD_NM_KO, SORT_NO, REG_ID) VALUES ('ATTR_TYP', 'NUM', '숫자', 2, 'SYSTEM');
INSERT INTO CM_CODE (GRP_CD, CD, CD_NM_KO, SORT_NO, REG_ID) VALUES ('ATTR_TYP', 'DATE', '날짜', 3, 'SYSTEM');
INSERT INTO CM_CODE (GRP_CD, CD, CD_NM_KO, SORT_NO, REG_ID) VALUES ('ATTR_TYP', 'SELECT', '선택', 4, 'SYSTEM');

-- 등록요청 상태
INSERT INTO CM_CODE_GRP (GRP_CD, GRP_NM, REG_ID) VALUES ('IR_STS', '품목등록요청 상태', 'SYSTEM');
INSERT INTO CM_CODE (GRP_CD, CD, CD_NM_KO, SORT_NO, REG_ID) VALUES ('IR_STS', 'REQ', '요청', 1, 'SYSTEM');
INSERT INTO CM_CODE (GRP_CD, CD, CD_NM_KO, SORT_NO, REG_ID) VALUES ('IR_STS', 'APPROVED', '승인(품목생성)', 2, 'SYSTEM');
INSERT INTO CM_CODE (GRP_CD, CD, CD_NM_KO, SORT_NO, REG_ID) VALUES ('IR_STS', 'REJECTED', '반려', 8, 'SYSTEM');
INSERT INTO CM_CODE (GRP_CD, CD, CD_NM_KO, SORT_NO, REG_ID) VALUES ('IR_STS', 'CANCEL', '취소', 9, 'SYSTEM');

INSERT INTO CM_DOC_NO (DOC_TYP, DOC_NM, PREFIX, DATE_FMT, SEQ_LEN, LAST_SEQ, REG_ID) VALUES ('IR', '품목등록요청', 'IR', 'YYYYMM', 4, 0, 'SYSTEM');

-- 상태전이 (승인/반려/취소)
INSERT INTO CM_STATUS_FLOW (DOC_TYP, FROM_STS, ACTION, TO_STS, ACTION_NM, DIRECTION, RSN_REQ_YN, SORT_NO, REG_ID)
VALUES ('IR', 'REQ', 'APPROVE', 'APPROVED', '승인(품목생성)', 'FWD', 'N', 1, 'SYSTEM');
INSERT INTO CM_STATUS_FLOW (DOC_TYP, FROM_STS, ACTION, TO_STS, ACTION_NM, DIRECTION, RSN_REQ_YN, SORT_NO, REG_ID)
VALUES ('IR', 'REQ', 'REJECT', 'REJECTED', '반려', 'BWD', 'Y', 2, 'SYSTEM');
INSERT INTO CM_STATUS_FLOW (DOC_TYP, FROM_STS, ACTION, TO_STS, ACTION_NM, DIRECTION, RSN_REQ_YN, SORT_NO, REG_ID)
VALUES ('IR', 'REQ', 'CANCEL', 'CANCEL', '취소', 'END', 'Y', 9, 'SYSTEM');

-- 샘플: 분류 속성 정의 (기존 분류 사용)
-- (분류코드는 환경에 따라 다르므로 화면에서 등록)

-- 메뉴
INSERT INTO CM_MENU (MENU_ID, MENU_NM, UP_MENU_ID, MENU_LVL, URL, ICON, SORT_NO, REG_ID) VALUES ('BASE_CATTR', '분류 속성정의', 'BASE', 2, '/base/cate-attr', 'sliders', 2.6, 'SYSTEM');
INSERT INTO CM_ROLE_FUNC (ROLE_ID, MENU_ID, AUTH_CD, REG_ID) VALUES ('ADMIN', 'BASE_CATTR', 'MANAGEMENT', 'SYSTEM');
INSERT INTO CM_MENU (MENU_ID, MENU_NM, UP_MENU_ID, MENU_LVL, URL, ICON, SORT_NO, REG_ID) VALUES ('BASE_IREQ', '품목 등록요청', 'BASE', 2, '/base/item-req', 'file-plus', 2.7, 'SYSTEM');
INSERT INTO CM_ROLE_FUNC (ROLE_ID, MENU_ID, AUTH_CD, REG_ID) VALUES ('ADMIN', 'BASE_IREQ', 'MANAGEMENT', 'SYSTEM');
INSERT INTO CM_ROLE_FUNC (ROLE_ID, MENU_ID, AUTH_CD, REG_ID) VALUES ('USER', 'BASE_IREQ', 'SAVE', 'SYSTEM');

COMMIT;
