-- =============================================================
-- 구매시스템 SEED - 61. 인터페이스 연계
-- =============================================================

INSERT INTO CM_CODE_GRP (GRP_CD, GRP_NM, REG_ID) VALUES ('IF_TYP', '인터페이스 유형', 'SYSTEM');
INSERT INTO CM_CODE (GRP_CD, CD, CD_NM_KO, SORT_NO, REG_ID) VALUES ('IF_TYP', 'VENDOR_MASTER', '협력사 마스터', 1, 'SYSTEM');
INSERT INTO CM_CODE (GRP_CD, CD, CD_NM_KO, SORT_NO, REG_ID) VALUES ('IF_TYP', 'ITEM_MASTER', '품목 마스터', 2, 'SYSTEM');
INSERT INTO CM_CODE (GRP_CD, CD, CD_NM_KO, SORT_NO, REG_ID) VALUES ('IF_TYP', 'PO_SEND', '발주 전송', 3, 'SYSTEM');
INSERT INTO CM_CODE (GRP_CD, CD, CD_NM_KO, SORT_NO, REG_ID) VALUES ('IF_TYP', 'GR_SEND', '입고 전송', 4, 'SYSTEM');
INSERT INTO CM_CODE (GRP_CD, CD, CD_NM_KO, SORT_NO, REG_ID) VALUES ('IF_TYP', 'CL_SEND', '정산 전송', 5, 'SYSTEM');
INSERT INTO CM_CODE (GRP_CD, CD, CD_NM_KO, SORT_NO, REG_ID) VALUES ('IF_TYP', 'TAXBILL', '세금계산서', 6, 'SYSTEM');
INSERT INTO CM_CODE (GRP_CD, CD, CD_NM_KO, SORT_NO, REG_ID) VALUES ('IF_TYP', 'SLIP', '회계전표', 7, 'SYSTEM');

INSERT INTO CM_CODE_GRP (GRP_CD, GRP_NM, REG_ID) VALUES ('IF_STATUS', '연계 상태', 'SYSTEM');
INSERT INTO CM_CODE (GRP_CD, CD, CD_NM_KO, SORT_NO, REG_ID) VALUES ('IF_STATUS', 'READY', '대기', 1, 'SYSTEM');
INSERT INTO CM_CODE (GRP_CD, CD, CD_NM_KO, SORT_NO, REG_ID) VALUES ('IF_STATUS', 'SUCCESS', '성공', 2, 'SYSTEM');
INSERT INTO CM_CODE (GRP_CD, CD, CD_NM_KO, SORT_NO, REG_ID) VALUES ('IF_STATUS', 'FAIL', '실패', 3, 'SYSTEM');

INSERT INTO CM_DOC_NO (DOC_TYP, DOC_NM, PREFIX, DATE_FMT, SEQ_LEN, LAST_SEQ, REG_ID) VALUES ('IF', '인터페이스', 'IF', 'YYYYMM', 5, 0, 'SYSTEM');

-- 메뉴 (분석/실적 그룹 또는 시스템관리). 연계관리 그룹 신설
INSERT INTO CM_MENU (MENU_ID, MENU_NM, UP_MENU_ID, MENU_LVL, URL, ICON, SORT_NO, REG_ID) VALUES ('IFC', '연계관리', NULL, 1, NULL, 'share-2', 9, 'SYSTEM');
INSERT INTO CM_MENU (MENU_ID, MENU_NM, UP_MENU_ID, MENU_LVL, URL, ICON, SORT_NO, REG_ID) VALUES ('IFC_MON', '인터페이스 모니터링', 'IFC', 2, '/ifc/monitor', 'share-2', 1, 'SYSTEM');
INSERT INTO CM_ROLE_FUNC (ROLE_ID, MENU_ID, AUTH_CD, REG_ID) VALUES ('ADMIN', 'IFC_MON', 'MANAGEMENT', 'SYSTEM');
INSERT INTO CM_ROLE_FUNC (ROLE_ID, MENU_ID, AUTH_CD, REG_ID) VALUES ('USER', 'IFC_MON', 'SAVE', 'SYSTEM');

COMMIT;
