-- =============================================================
-- 구매시스템 SEED - 63. 전자세금계산서 + 회계전표
-- =============================================================

INSERT INTO CM_CODE_GRP (GRP_CD, GRP_NM, REG_ID) VALUES ('TB_STS', '세금계산서 상태', 'SYSTEM');
INSERT INTO CM_CODE (GRP_CD, CD, CD_NM_KO, SORT_NO, REG_ID) VALUES ('TB_STS', 'DRAFT', '작성', 1, 'SYSTEM');
INSERT INTO CM_CODE (GRP_CD, CD, CD_NM_KO, SORT_NO, REG_ID) VALUES ('TB_STS', 'ISSUED', '발행', 2, 'SYSTEM');
INSERT INTO CM_CODE (GRP_CD, CD, CD_NM_KO, SORT_NO, REG_ID) VALUES ('TB_STS', 'SENT', '국세청전송', 3, 'SYSTEM');
INSERT INTO CM_CODE (GRP_CD, CD, CD_NM_KO, SORT_NO, REG_ID) VALUES ('TB_STS', 'CANCEL', '취소', 9, 'SYSTEM');

INSERT INTO CM_CODE_GRP (GRP_CD, GRP_NM, REG_ID) VALUES ('SLIP_STS', '회계전표 상태', 'SYSTEM');
INSERT INTO CM_CODE (GRP_CD, CD, CD_NM_KO, SORT_NO, REG_ID) VALUES ('SLIP_STS', 'DRAFT', '작성', 1, 'SYSTEM');
INSERT INTO CM_CODE (GRP_CD, CD, CD_NM_KO, SORT_NO, REG_ID) VALUES ('SLIP_STS', 'POSTED', '전기', 2, 'SYSTEM');
INSERT INTO CM_CODE (GRP_CD, CD, CD_NM_KO, SORT_NO, REG_ID) VALUES ('SLIP_STS', 'SENT', 'SAP전송', 3, 'SYSTEM');
INSERT INTO CM_CODE (GRP_CD, CD, CD_NM_KO, SORT_NO, REG_ID) VALUES ('SLIP_STS', 'CANCEL', '취소', 9, 'SYSTEM');

INSERT INTO CM_CODE_GRP (GRP_CD, GRP_NM, REG_ID) VALUES ('SLIP_TYP', '전표유형', 'SYSTEM');
INSERT INTO CM_CODE (GRP_CD, CD, CD_NM_KO, SORT_NO, REG_ID) VALUES ('SLIP_TYP', 'PURCHASE', '매입', 1, 'SYSTEM');
INSERT INTO CM_CODE (GRP_CD, CD, CD_NM_KO, SORT_NO, REG_ID) VALUES ('SLIP_TYP', 'ADVANCE', '선급', 2, 'SYSTEM');
INSERT INTO CM_CODE (GRP_CD, CD, CD_NM_KO, SORT_NO, REG_ID) VALUES ('SLIP_TYP', 'ADJUST', '조정', 3, 'SYSTEM');

INSERT INTO CM_DOC_NO (DOC_TYP, DOC_NM, PREFIX, DATE_FMT, SEQ_LEN, LAST_SEQ, REG_ID) VALUES ('TB', '세금계산서', 'TB', 'YYYYMM', 4, 0, 'SYSTEM');
INSERT INTO CM_DOC_NO (DOC_TYP, DOC_NM, PREFIX, DATE_FMT, SEQ_LEN, LAST_SEQ, REG_ID) VALUES ('SL', '회계전표', 'SL', 'YYYYMM', 4, 0, 'SYSTEM');

INSERT INTO CM_MENU (MENU_ID, MENU_NM, UP_MENU_ID, MENU_LVL, URL, ICON, SORT_NO, REG_ID) VALUES ('IFC_TAX', '전자세금계산서', 'IFC', 2, '/ifc/tax', 'receipt', 2, 'SYSTEM');
INSERT INTO CM_ROLE_FUNC (ROLE_ID, MENU_ID, AUTH_CD, REG_ID) VALUES ('ADMIN', 'IFC_TAX', 'MANAGEMENT', 'SYSTEM');
INSERT INTO CM_ROLE_FUNC (ROLE_ID, MENU_ID, AUTH_CD, REG_ID) VALUES ('USER', 'IFC_TAX', 'SAVE', 'SYSTEM');
INSERT INTO CM_MENU (MENU_ID, MENU_NM, UP_MENU_ID, MENU_LVL, URL, ICON, SORT_NO, REG_ID) VALUES ('IFC_SLIP', '회계전표', 'IFC', 2, '/ifc/slip', 'book', 3, 'SYSTEM');
INSERT INTO CM_ROLE_FUNC (ROLE_ID, MENU_ID, AUTH_CD, REG_ID) VALUES ('ADMIN', 'IFC_SLIP', 'MANAGEMENT', 'SYSTEM');
INSERT INTO CM_ROLE_FUNC (ROLE_ID, MENU_ID, AUTH_CD, REG_ID) VALUES ('USER', 'IFC_SLIP', 'SAVE', 'SYSTEM');

COMMIT;
